perfume_id,brand,category,longevity,sillage,best_time_of_day,best_season,price_tier,recommended_event,longevity_score,sillage_score
1,Lattafa,Aromatic Fougere,Light,Enormous,Day,Spring,Budget,Office,1,4
2,Hermes,Oriental Vanilla,Very Strong,Intimate,Both,Summer,Budget,Party/Club,4,1
3,Versace,Oud,Medium,Enormous,Day,Spring,Budget,Wedding,2,4
4,Prada,Floral Fruity,Medium,Intimate,Day,Summer,Budget,Date Night,2,1
5,Ysl,Floral Fruity,Strong,Strong,Day,All Season,Luxury,Date Night,3,3
6,Ysl,Oriental Vanilla,Very Strong,Strong,Day,Fall,Mid-Range,Party/Club,4,3
7,Guerlain,Oud,Light,Strong,Night,All Season,Luxury,Party/Club,1,3
8,Tom Ford,Oud,Strong,Strong,Night,Fall,Budget,Wedding,3,3
9,Ysl,Woody Spicy,Strong,Intimate,Both,Fall,Mid-Range,Office,3,1
10,Mancera,Citrus Aromatic,Light,Enormous,Day,Summer,Luxury,Office,1,4
11,Byredo,Fresh Scent,Medium,Enormous,Night,All Season,Mid-Range,Casual Daywear,2,4
12,Lattafa,Gourmand,Light,Strong,Night,Spring,Mid-Range,Date Night,1,3
13,Tom Ford,Oriental Vanilla,Strong,Strong,Day,Fall,Mid-Range,Party/Club,3,3
14,Tom Ford,Oud,Strong,Strong,Day,Spring,Luxury,Wedding,3,3
15,Rasasi,Gourmand,Medium,Intimate,Day,All Season,Luxury,Date Night,2,1
16,Dior,Oriental Vanilla,Strong,Strong,Night,Winter,Budget,Beach/Vacation,3,3
17,Hermes,Aromatic Fougere,Medium,Moderate,Both,All Season,Budget,Office,2,2
18,Versace,Fresh Scent,Medium,Enormous,Night,Summer,Budget,Casual Daywear,2,4
19,Rasasi,Floral Fruity,Very Strong,Moderate,Both,Winter,Mid-Range,Date Night,4,2
20,Ajmal,Gourmand,Strong,Strong,Night,Winter,Budget,Date Night,3,3
21,Ysl,Leather,Very Strong,Strong,Day,Spring,Mid-Range,Night Out,4,3
22,Mancera,Fresh Scent,Strong,Intimate,Night,Fall,Luxury,Casual Daywear,3,1
23,Lattafa,Gourmand,Strong,Strong,Night,Summer,Luxury,Date Night,3,3
24,Hermes,Amber Floral,Strong,Strong,Both,Fall,Mid-Range,Wedding,3,3
25,Mancera,Aromatic Fougere,Strong,Strong,Both,Winter,Mid-Range,Office,3,3
26,Ysl,Gourmand,Strong,Strong,Both,Summer,Luxury,Date Night,3,3
27,Byredo,Aromatic Fougere,Very Strong,Strong,Both,Spring,Luxury,Office,4,3
28,Versace,Floral Fruity,Very Strong,Strong,Both,All Season,Luxury,Date Night,4,3
29,Chanel,Oriental Vanilla,Medium,Enormous,Both,Summer,Budget,Party/Club,2,4
30,Ysl,Leather,Light,Enormous,Day,Summer,Budget,Night Out,1,4
31,Creed,Aromatic Fougere,Medium,Enormous,Day,All Season,Budget,Office,2,4
32,Mancera,Citrus Aromatic,Light,Moderate,Day,Fall,Budget,Office,1,2
33,Lattafa,Citrus Aromatic,Light,Strong,Day,All Season,Luxury,Office,1,3
34,Rasasi,Amber Floral,Strong,Strong,Night,Summer,Mid-Range,Wedding,3,3
35,Mancera,Gourmand,Medium,Moderate,Both,Winter,Luxury,Date Night,2,2
36,Byredo,Floral Fruity,Light,Strong,Both,Spring,Mid-Range,Date Night,1,3
37,Guerlain,Aromatic Fougere,Very Strong,Enormous,Night,Summer,Mid-Range,Office,4,4
38,Montblanc,Citrus Aromatic,Medium,Strong,Both,Fall,Mid-Range,Office,2,3
39,Chanel,Aromatic Fougere,Strong,Enormous,Night,Summer,Mid-Range,Night Out,3,4
40,Armaf,Oud,Light,Moderate,Night,Spring,Mid-Range,Wedding,1,2
41,Lattafa,Oriental Vanilla,Very Strong,Intimate,Day,Winter,Mid-Range,Party/Club,4,1
42,Rasasi,Oud,Very Strong,Enormous,Both,All Season,Luxury,Wedding,4,4
43,Chanel,Floral Fruity,Strong,Strong,Both,Fall,Luxury,Date Night,3,3
44,Chanel,Gourmand,Strong,Strong,Both,All Season,Budget,Casual Daywear,3,3
45,Prada,Leather,Light,Moderate,Day,Winter,Mid-Range,Night Out,1,2
46,Hermes,Citrus Aromatic,Very Strong,Enormous,Both,Summer,Mid-Range,Office,4,4
47,Tom Ford,Oud,Light,Enormous,Both,Fall,Luxury,Wedding,1,4
48,Rasasi,Floral Fruity,Medium,Enormous,Both,All Season,Mid-Range,Date Night,2,4
49,Guerlain,Citrus Aromatic,Light,Intimate,Both,Summer,Mid-Range,Office,1,1
50,Tom Ford,Leather,Light,Strong,Both,Winter,Budget,Night Out,1,3
51,Hermes,Woody Spicy,Light,Intimate,Day,All Season,Luxury,Formal Event,1,1
52,Creed,Floral Fruity,Strong,Enormous,Day,Summer,Luxury,Date Night,3,4
53,Ysl,Fresh Scent,Medium,Intimate,Both,Spring,Luxury,Casual Daywear,2,1
54,Tom Ford,Oud,Light,Intimate,Both,Winter,Luxury,Wedding,1,1
55,Versace,Fresh Scent,Strong,Enormous,Night,Fall,Luxury,Casual Daywear,3,4
56,Dior,Floral Fruity,Strong,Moderate,Both,All Season,Mid-Range,Date Night,3,2
57,Armaf,Oud,Light,Moderate,Night,Fall,Luxury,Wedding,1,2
58,Armaf,Aromatic Fougere,Very Strong,Enormous,Day,Summer,Luxury,Party/Club,4,4
59,Tom Ford,Aquatic,Light,Intimate,Day,All Season,Luxury,Beach/Vacation,1,1
60,Montblanc,Gourmand,Very Strong,Strong,Day,All Season,Budget,Date Night,4,3
61,Montblanc,Woody Spicy,Medium,Enormous,Both,Summer,Luxury,Formal Event,2,4
62,Hermes,Oriental Vanilla,Medium,Enormous,Night,Summer,Mid-Range,Party/Club,2,4
63,Mancera,Citrus Aromatic,Very Strong,Moderate,Both,Fall,Luxury,Office,4,2
64,Versace,Aromatic Fougere,Light,Moderate,Both,Summer,Mid-Range,Beach/Vacation,1,2
65,Dior,Floral Fruity,Medium,Moderate,Day,Winter,Mid-Range,Date Night,2,2
66,Mancera,Woody Spicy,Very Strong,Enormous,Night,All Season,Mid-Range,Formal Event,4,4
67,Prada,Fresh Scent,Medium,Moderate,Both,Summer,Budget,Casual Daywear,2,2
68,Montblanc,Gourmand,Medium,Strong,Day,Fall,Budget,Date Night,2,3
69,Armaf,Woody Spicy,Very Strong,Intimate,Night,Fall,Mid-Range,Formal Event,4,1
70,Chanel,Leather,Very Strong,Enormous,Day,Spring,Luxury,Night Out,4,4
71,Prada,Leather,Medium,Moderate,Day,Summer,Luxury,Date Night,2,2
72,Tom Ford,Aquatic,Very Strong,Strong,Both,Fall,Budget,Beach/Vacation,4,3
73,Rasasi,Fresh Scent,Very Strong,Moderate,Day,Summer,Luxury,Casual Daywear,4,2
74,Dior,Leather,Very Strong,Strong,Day,Winter,Budget,Night Out,4,3
75,Versace,Floral Fruity,Light,Intimate,Both,All Season,Luxury,Date Night,1,1
76,Creed,Fresh Scent,Medium,Enormous,Day,Winter,Budget,Casual Daywear,2,4
77,Dior,Gourmand,Very Strong,Intimate,Day,Fall,Mid-Range,Date Night,4,1
78,Dior,Woody Spicy,Medium,Moderate,Both,All Season,Luxury,Formal Event,2,2
79,Armaf,Fresh Scent,Strong,Intimate,Day,All Season,Budget,Casual Daywear,3,1
80,Byredo,Aquatic,Light,Enormous,Both,Fall,Mid-Range,Beach/Vacation,1,4
81,Montblanc,Amber Floral,Medium,Intimate,Night,Winter,Budget,Wedding,2,1
82,Guerlain,Oud,Very Strong,Intimate,Night,Winter,Mid-Range,Wedding,4,1
83,Tom Ford,Gourmand,Medium,Intimate,Night,All Season,Luxury,Date Night,2,1
84,Dior,Gourmand,Medium,Intimate,Both,Summer,Mid-Range,Date Night,2,1
85,Creed,Fresh Scent,Very Strong,Strong,Night,All Season,Budget,Casual Daywear,4,3
86,Guerlain,Aquatic,Light,Enormous,Day,Spring,Luxury,Office,1,4
87,Lattafa,Fresh Scent,Very Strong,Moderate,Night,Spring,Mid-Range,Casual Daywear,4,2
88,Lattafa,Gourmand,Strong,Strong,Day,Spring,Luxury,Date Night,3,3
89,Chanel,Woody Spicy,Light,Intimate,Day,Fall,Mid-Range,Formal Event,1,1
90,Chanel,Oriental Vanilla,Very Strong,Moderate,Night,Summer,Mid-Range,Party/Club,4,2
91,Ysl,Aquatic,Medium,Intimate,Night,All Season,Luxury,Beach/Vacation,2,1
92,Guerlain,Gourmand,Very Strong,Enormous,Day,Fall,Mid-Range,Date Night,4,4
93,Armaf,Gourmand,Very Strong,Moderate,Night,Spring,Luxury,Date Night,4,2
94,Hermes,Gourmand,Light,Intimate,Day,Winter,Luxury,Beach/Vacation,1,1
95,Dior,Aquatic,Medium,Enormous,Both,Fall,Mid-Range,Beach/Vacation,2,4
96,Byredo,Oud,Medium,Strong,Both,All Season,Mid-Range,Wedding,2,3
97,Armaf,Aromatic Fougere,Strong,Moderate,Both,Spring,Luxury,Office,3,2
98,Mancera,Floral Fruity,Medium,Moderate,Night,Winter,Budget,Date Night,2,2
99,Montblanc,Fresh Scent,Strong,Moderate,Night,Winter,Luxury,Casual Daywear,3,2
100,Tom Ford,Oriental Vanilla,Very Strong,Intimate,Day,All Season,Luxury,Party/Club,4,1
101,Ysl,Citrus Aromatic,Light,Strong,Both,Spring,Luxury,Office,1,3
102,Montblanc,Amber Floral,Very Strong,Enormous,Night,All Season,Luxury,Wedding,4,4
103,Dior,Amber Floral,Medium,Enormous,Night,All Season,Budget,Wedding,2,4
104,Byredo,Oud,Strong,Intimate,Day,Spring,Mid-Range,Wedding,3,1
105,Versace,Oud,Light,Strong,Both,Summer,Budget,Wedding,1,3
106,Rasasi,Aromatic Fougere,Medium,Enormous,Both,Spring,Budget,Office,2,4
107,Versace,Citrus Aromatic,Light,Enormous,Night,Summer,Luxury,Office,1,4
108,Byredo,Leather,Strong,Enormous,Night,Spring,Luxury,Night Out,3,4
109,Mancera,Oriental Vanilla,Light,Moderate,Night,Fall,Mid-Range,Party/Club,1,2
110,Tom Ford,Floral Fruity,Light,Enormous,Day,Summer,Luxury,Office,1,4
111,Versace,Oriental Vanilla,Very Strong,Enormous,Both,All Season,Budget,Party/Club,4,4
112,Lattafa,Fresh Scent,Strong,Moderate,Night,Spring,Budget,Casual Daywear,3,2
113,Ysl,Citrus Aromatic,Medium,Strong,Both,Spring,Luxury,Office,2,3
114,Ajmal,Fresh Scent,Light,Enormous,Day,All Season,Budget,Casual Daywear,1,4
115,Prada,Leather,Very Strong,Moderate,Both,All Season,Mid-Range,Night Out,4,2
116,Chanel,Oriental Vanilla,Medium,Intimate,Day,Fall,Budget,Party/Club,2,1
117,Creed,Aquatic,Very Strong,Strong,Day,All Season,Luxury,Beach/Vacation,4,3
118,Creed,Aromatic Fougere,Light,Intimate,Day,Summer,Mid-Range,Office,1,1
119,Prada,Leather,Light,Moderate,Night,All Season,Mid-Range,Night Out,1,2
120,Creed,Aquatic,Strong,Moderate,Both,Spring,Mid-Range,Beach/Vacation,3,2
121,Ajmal,Fresh Scent,Very Strong,Strong,Day,Spring,Mid-Range,Casual Daywear,4,3
122,Byredo,Aromatic Fougere,Very Strong,Moderate,Night,Winter,Luxury,Office,4,2
123,Tom Ford,Aquatic,Light,Strong,Night,Fall,Budget,Beach/Vacation,1,3
124,Dior,Oriental Vanilla,Very Strong,Moderate,Night,Spring,Budget,Party/Club,4,2
125,Creed,Amber Floral,Very Strong,Enormous,Day,All Season,Mid-Range,Wedding,4,4
126,Armaf,Fresh Scent,Very Strong,Strong,Day,Spring,Budget,Casual Daywear,4,3
127,Guerlain,Aromatic Fougere,Light,Intimate,Night,All Season,Mid-Range,Office,1,1
128,Tom Ford,Woody Spicy,Medium,Moderate,Night,Spring,Mid-Range,Formal Event,2,2
129,Lattafa,Aquatic,Very Strong,Intimate,Day,Summer,Mid-Range,Beach/Vacation,4,1
130,Versace,Aquatic,Light,Moderate,Day,Winter,Luxury,Beach/Vacation,1,2
131,Versace,Citrus Aromatic,Light,Moderate,Night,Summer,Mid-Range,Office,1,2
132,Versace,Fresh Scent,Strong,Moderate,Night,Winter,Budget,Casual Daywear,3,2
133,Hermes,Aromatic Fougere,Strong,Intimate,Both,Spring,Budget,Office,3,1
134,Tom Ford,Fresh Scent,Very Strong,Intimate,Night,Summer,Budget,Casual Daywear,4,1
135,Hermes,Aromatic Fougere,Very Strong,Moderate,Night,Summer,Budget,Office,4,2
136,Chanel,Woody Spicy,Medium,Enormous,Day,Fall,Budget,Formal Event,2,4
137,Mancera,Aromatic Fougere,Medium,Moderate,Night,All Season,Luxury,Office,2,2
138,Rasasi,Fresh Scent,Light,Enormous,Night,Fall,Mid-Range,Casual Daywear,1,4
139,Prada,Oriental Vanilla,Medium,Strong,Day,All Season,Budget,Party/Club,2,3
140,Guerlain,Oriental Vanilla,Very Strong,Intimate,Day,Spring,Budget,Party/Club,4,1
141,Armaf,Oud,Light,Moderate,Day,Winter,Mid-Range,Wedding,1,2
142,Rasasi,Gourmand,Very Strong,Intimate,Both,Spring,Mid-Range,Date Night,4,1
143,Lattafa,Aquatic,Very Strong,Enormous,Night,Summer,Luxury,Beach/Vacation,4,4
144,Tom Ford,Leather,Very Strong,Intimate,Both,Summer,Luxury,Night Out,4,1
145,Creed,Amber Floral,Strong,Strong,Night,Summer,Mid-Range,Wedding,3,3
146,Hermes,Woody Spicy,Medium,Enormous,Day,Spring,Luxury,Formal Event,2,4
147,Ajmal,Floral Fruity,Strong,Strong,Night,Fall,Mid-Range,Date Night,3,3
148,Creed,Oud,Strong,Intimate,Both,Fall,Mid-Range,Wedding,3,1
149,Armaf,Oud,Very Strong,Moderate,Both,Summer,Luxury,Party/Club,4,2
150,Creed,Woody Spicy,Very Strong,Intimate,Both,All Season,Mid-Range,Formal Event,4,1
151,Dior,Woody Spicy,Very Strong,Intimate,Night,All Season,Luxury,Formal Event,4,1
152,Armaf,Amber Floral,Light,Intimate,Both,All Season,Budget,Night Out,1,1
153,Rasasi,Leather,Light,Strong,Day,Winter,Mid-Range,Night Out,1,3
154,Rasasi,Oud,Light,Strong,Both,Winter,Mid-Range,Wedding,1,3
155,Byredo,Oud,Strong,Moderate,Night,Spring,Budget,Wedding,3,2
156,Tom Ford,Leather,Very Strong,Enormous,Both,All Season,Luxury,Night Out,4,4
157,Byredo,Floral Fruity,Very Strong,Moderate,Both,All Season,Mid-Range,Date Night,4,2
158,Mancera,Woody Spicy,Medium,Enormous,Night,All Season,Mid-Range,Formal Event,2,4
159,Byredo,Amber Floral,Medium,Moderate,Night,All Season,Mid-Range,Wedding,2,2
160,Rasasi,Aquatic,Light,Moderate,Night,Winter,Mid-Range,Beach/Vacation,1,2
161,Lattafa,Gourmand,Light,Intimate,Both,Spring,Mid-Range,Date Night,1,1
162,Rasasi,Aquatic,Medium,Intimate,Both,Winter,Budget,Beach/Vacation,2,1
163,Lattafa,Fresh Scent,Very Strong,Strong,Day,Fall,Budget,Casual Daywear,4,3
164,Ajmal,Citrus Aromatic,Very Strong,Intimate,Day,Fall,Budget,Office,4,1
165,Creed,Amber Floral,Very Strong,Intimate,Night,Winter,Budget,Wedding,4,1
166,Chanel,Aquatic,Strong,Intimate,Both,All Season,Mid-Range,Beach/Vacation,3,1
167,Tom Ford,Gourmand,Very Strong,Intimate,Day,Summer,Budget,Date Night,4,1
168,Creed,Fresh Scent,Very Strong,Enormous,Day,Fall,Mid-Range,Casual Daywear,4,4
169,Versace,Woody Spicy,Medium,Moderate,Night,Summer,Budget,Formal Event,2,2
170,Tom Ford,Floral Fruity,Strong,Intimate,Both,Winter,Mid-Range,Date Night,3,1
171,Lattafa,Oud,Medium,Strong,Night,Winter,Mid-Range,Wedding,2,3
172,Creed,Floral Fruity,Medium,Enormous,Both,Spring,Mid-Range,Date Night,2,4
173,Guerlain,Oriental Vanilla,Medium,Intimate,Both,Winter,Mid-Range,Party/Club,2,1
174,Ysl,Gourmand,Light,Strong,Both,Fall,Luxury,Date Night,1,3
175,Dior,Amber Floral,Light,Moderate,Day,Fall,Luxury,Wedding,1,2
176,Hermes,Amber Floral,Strong,Strong,Day,Fall,Budget,Wedding,3,3
177,Rasasi,Citrus Aromatic,Strong,Moderate,Night,Summer,Luxury,Night Out,3,2
178,Ysl,Oud,Very Strong,Strong,Night,All Season,Luxury,Wedding,4,3
179,Ajmal,Aquatic,Light,Moderate,Both,Winter,Luxury,Night Out,1,2
180,Prada,Aromatic Fougere,Light,Moderate,Both,Spring,Mid-Range,Office,1,2
181,Byredo,Floral Fruity,Medium,Moderate,Both,Winter,Luxury,Date Night,2,2
182,Versace,Leather,Medium,Strong,Day,Summer,Luxury,Night Out,2,3
183,Tom Ford,Amber Floral,Strong,Enormous,Both,Fall,Budget,Wedding,3,4
184,Mancera,Amber Floral,Very Strong,Intimate,Night,All Season,Budget,Wedding,4,1
185,Dior,Gourmand,Light,Moderate,Day,Spring,Budget,Date Night,1,2
186,Prada,Gourmand,Very Strong,Strong,Both,Spring,Budget,Date Night,4,3
187,Prada,Aquatic,Medium,Intimate,Both,Winter,Luxury,Beach/Vacation,2,1
188,Tom Ford,Aromatic Fougere,Medium,Intimate,Both,Fall,Budget,Office,2,1
189,Montblanc,Woody Spicy,Light,Enormous,Day,Fall,Budget,Formal Event,1,4
190,Montblanc,Citrus Aromatic,Medium,Intimate,Night,Summer,Budget,Office,2,1
191,Prada,Floral Fruity,Very Strong,Intimate,Night,Winter,Luxury,Date Night,4,1
192,Lattafa,Fresh Scent,Medium,Enormous,Night,All Season,Luxury,Casual Daywear,2,4
193,Byredo,Oriental Vanilla,Strong,Strong,Both,Spring,Budget,Party/Club,3,3
194,Ysl,Aromatic Fougere,Light,Enormous,Night,Summer,Luxury,Office,1,4
195,Chanel,Amber Floral,Medium,Enormous,Day,Spring,Luxury,Wedding,2,4
196,Ajmal,Fresh Scent,Very Strong,Moderate,Night,Spring,Budget,Casual Daywear,4,2
197,Mancera,Gourmand,Strong,Enormous,Night,All Season,Luxury,Date Night,3,4
198,Montblanc,Citrus Aromatic,Very Strong,Intimate,Day,Winter,Mid-Range,Office,4,1
199,Tom Ford,Amber Floral,Very Strong,Moderate,Day,All Season,Mid-Range,Wedding,4,2
200,Ajmal,Citrus Aromatic,Medium,Strong,Night,Spring,Mid-Range,Office,2,3
201,Creed,Amber Floral,Light,Intimate,Day,Winter,Luxury,Wedding,1,1
202,Byredo,Gourmand,Strong,Moderate,Night,Fall,Luxury,Date Night,3,2
203,Tom Ford,Leather,Medium,Strong,Day,All Season,Mid-Range,Night Out,2,3
204,Montblanc,Oud,Very Strong,Intimate,Day,Fall,Luxury,Wedding,4,1
205,Tom Ford,Aromatic Fougere,Medium,Strong,Both,Spring,Mid-Range,Office,2,3
206,Hermes,Aromatic Fougere,Light,Enormous,Both,Spring,Luxury,Office,1,4
207,Rasasi,Oud,Strong,Enormous,Both,All Season,Mid-Range,Wedding,3,4
208,Tom Ford,Amber Floral,Very Strong,Enormous,Both,Summer,Luxury,Wedding,4,4
209,Versace,Fresh Scent,Medium,Intimate,Night,Fall,Budget,Casual Daywear,2,1
210,Mancera,Citrus Aromatic,Light,Moderate,Day,Winter,Budget,Office,1,2
211,Dior,Aquatic,Light,Intimate,Day,Spring,Mid-Range,Beach/Vacation,1,1
212,Rasasi,Citrus Aromatic,Medium,Intimate,Night,Winter,Mid-Range,Office,2,1
213,Ajmal,Amber Floral,Very Strong,Enormous,Both,Winter,Budget,Wedding,4,4
214,Hermes,Aromatic Fougere,Light,Intimate,Night,Fall,Mid-Range,Office,1,1
215,Ajmal,Leather,Light,Enormous,Night,Winter,Mid-Range,Night Out,1,4
216,Prada,Aromatic Fougere,Strong,Moderate,Day,Winter,Budget,Office,3,2
217,Montblanc,Aromatic Fougere,Strong,Moderate,Both,Summer,Mid-Range,Office,3,2
218,Prada,Fresh Scent,Strong,Enormous,Day,Summer,Budget,Casual Daywear,3,4
219,Armaf,Gourmand,Light,Intimate,Both,Fall,Budget,Date Night,1,1
220,Mancera,Floral Fruity,Light,Intimate,Day,Winter,Budget,Date Night,1,1
221,Byredo,Woody Spicy,Medium,Strong,Night,Summer,Mid-Range,Formal Event,2,3
222,Dior,Fresh Scent,Medium,Intimate,Both,Fall,Budget,Casual Daywear,2,1
223,Tom Ford,Leather,Light,Strong,Night,Fall,Mid-Range,Night Out,1,3
224,Lattafa,Oud,Light,Enormous,Day,Summer,Luxury,Wedding,1,4
225,Chanel,Oud,Very Strong,Moderate,Day,All Season,Budget,Wedding,4,2
226,Creed,Oud,Very Strong,Intimate,Both,Fall,Budget,Wedding,4,1
227,Creed,Fresh Scent,Medium,Strong,Night,Summer,Luxury,Casual Daywear,2,3
228,Chanel,Aquatic,Strong,Enormous,Night,Fall,Mid-Range,Beach/Vacation,3,4
229,Rasasi,Gourmand,Medium,Intimate,Both,All Season,Budget,Date Night,2,1
230,Chanel,Aquatic,Strong,Intimate,Day,Summer,Budget,Beach/Vacation,3,1
231,Byredo,Oud,Medium,Moderate,Day,Spring,Luxury,Wedding,2,2
232,Hermes,Oriental Vanilla,Very Strong,Strong,Both,Fall,Budget,Party/Club,4,3
233,Prada,Amber Floral,Light,Strong,Both,Winter,Luxury,Wedding,1,3
234,Chanel,Oud,Light,Moderate,Both,Summer,Luxury,Wedding,1,2
235,Montblanc,Oud,Very Strong,Strong,Day,Summer,Mid-Range,Wedding,4,3
236,Byredo,Fresh Scent,Light,Enormous,Day,Fall,Luxury,Casual Daywear,1,4
237,Ysl,Oud,Very Strong,Strong,Day,Fall,Mid-Range,Wedding,4,3
238,Armaf,Woody Spicy,Medium,Strong,Night,Winter,Mid-Range,Office,2,3
239,Hermes,Floral Fruity,Very Strong,Enormous,Both,Spring,Mid-Range,Date Night,4,4
240,Dior,Oriental Vanilla,Strong,Strong,Both,Summer,Mid-Range,Party/Club,3,3
241,Ysl,Citrus Aromatic,Medium,Intimate,Night,Summer,Mid-Range,Office,2,1
242,Ysl,Gourmand,Very Strong,Enormous,Night,All Season,Budget,Date Night,4,4
243,Ajmal,Oriental Vanilla,Medium,Intimate,Day,Winter,Luxury,Party/Club,2,1
244,Chanel,Leather,Medium,Intimate,Night,All Season,Luxury,Night Out,2,1
245,Creed,Woody Spicy,Light,Enormous,Night,Summer,Budget,Formal Event,1,4
246,Ajmal,Citrus Aromatic,Strong,Moderate,Day,Winter,Luxury,Office,3,2
247,Ajmal,Woody Spicy,Strong,Intimate,Night,Spring,Budget,Formal Event,3,1
248,Lattafa,Oud,Strong,Moderate,Both,Summer,Mid-Range,Wedding,3,2
249,Hermes,Gourmand,Medium,Strong,Night,Fall,Budget,Date Night,2,3
250,Chanel,Aromatic Fougere,Light,Moderate,Day,Fall,Mid-Range,Office,1,2
251,Mancera,Oriental Vanilla,Strong,Intimate,Both,All Season,Mid-Range,Party/Club,3,1
252,Lattafa,Woody Spicy,Medium,Intimate,Day,Winter,Mid-Range,Formal Event,2,1
253,Armaf,Aromatic Fougere,Strong,Moderate,Day,Winter,Luxury,Office,3,2
254,Chanel,Fresh Scent,Strong,Enormous,Both,Spring,Budget,Casual Daywear,3,4
255,Prada,Floral Fruity,Medium,Strong,Both,Fall,Mid-Range,Date Night,2,3
256,Versace,Amber Floral,Light,Enormous,Night,Fall,Luxury,Wedding,1,4
257,Hermes,Fresh Scent,Strong,Intimate,Day,Winter,Budget,Casual Daywear,3,1
258,Armaf,Leather,Very Strong,Moderate,Both,Winter,Luxury,Night Out,4,2
259,Byredo,Floral Fruity,Light,Intimate,Day,All Season,Mid-Range,Date Night,1,1
260,Prada,Aromatic Fougere,Medium,Strong,Night,Fall,Budget,Office,2,3
261,Hermes,Gourmand,Strong,Intimate,Night,Spring,Luxury,Date Night,3,1
262,Rasasi,Citrus Aromatic,Light,Enormous,Day,Summer,Budget,Office,1,4
263,Guerlain,Oriental Vanilla,Strong,Moderate,Both,Spring,Luxury,Party/Club,3,2
264,Armaf,Gourmand,Very Strong,Moderate,Night,Summer,Mid-Range,Date Night,4,2
265,Prada,Oud,Light,Enormous,Night,Fall,Luxury,Wedding,1,4
266,Armaf,Fresh Scent,Strong,Strong,Night,All Season,Budget,Casual Daywear,3,3
267,Mancera,Aromatic Fougere,Medium,Moderate,Night,All Season,Mid-Range,Office,2,2
268,Lattafa,Citrus Aromatic,Very Strong,Moderate,Both,Summer,Luxury,Office,4,2
269,Chanel,Aromatic Fougere,Light,Intimate,Day,Winter,Luxury,Office,1,1
270,Hermes,Leather,Light,Enormous,Day,Fall,Budget,Night Out,1,4
271,Dior,Citrus Aromatic,Strong,Moderate,Night,Summer,Mid-Range,Office,3,2
272,Rasasi,Gourmand,Strong,Moderate,Day,Spring,Mid-Range,Date Night,3,2
273,Tom Ford,Leather,Very Strong,Strong,Night,Spring,Mid-Range,Night Out,4,3
274,Ajmal,Amber Floral,Very Strong,Moderate,Night,Summer,Mid-Range,Wedding,4,2
275,Lattafa,Leather,Light,Moderate,Day,Winter,Budget,Night Out,1,2
276,Ajmal,Oud,Light,Intimate,Both,All Season,Mid-Range,Wedding,1,1
277,Creed,Amber Floral,Medium,Moderate,Both,All Season,Luxury,Wedding,2,2
278,Byredo,Aquatic,Very Strong,Moderate,Day,All Season,Mid-Range,Beach/Vacation,4,2
279,Montblanc,Gourmand,Strong,Strong,Night,Fall,Budget,Date Night,3,3
280,Montblanc,Gourmand,Medium,Strong,Day,Spring,Budget,Date Night,2,3
281,Versace,Leather,Light,Strong,Day,Winter,Mid-Range,Party/Club,1,3
282,Ajmal,Leather,Strong,Intimate,Both,All Season,Budget,Night Out,3,1
283,Creed,Gourmand,Medium,Intimate,Night,Fall,Budget,Date Night,2,1
284,Armaf,Woody Spicy,Very Strong,Intimate,Day,Winter,Budget,Formal Event,4,1
285,Prada,Fresh Scent,Strong,Intimate,Day,All Season,Luxury,Casual Daywear,3,1
286,Armaf,Aquatic,Very Strong,Enormous,Night,Spring,Budget,Beach/Vacation,4,4
287,Hermes,Aquatic,Strong,Enormous,Day,Summer,Luxury,Beach/Vacation,3,4
288,Lattafa,Floral Fruity,Light,Enormous,Day,Winter,Budget,Date Night,1,4
289,Prada,Leather,Very Strong,Enormous,Night,Summer,Mid-Range,Night Out,4,4
290,Hermes,Leather,Very Strong,Intimate,Both,Spring,Luxury,Night Out,4,1
291,Chanel,Oriental Vanilla,Very Strong,Moderate,Night,Fall,Luxury,Party/Club,4,2
292,Versace,Fresh Scent,Strong,Strong,Night,Spring,Budget,Casual Daywear,3,3
293,Tom Ford,Fresh Scent,Medium,Intimate,Day,Winter,Mid-Range,Casual Daywear,2,1
294,Mancera,Citrus Aromatic,Medium,Strong,Day,Summer,Budget,Office,2,3
295,Rasasi,Oud,Light,Enormous,Both,Winter,Budget,Wedding,1,4
296,Ajmal,Floral Fruity,Medium,Intimate,Day,Winter,Luxury,Date Night,2,1
297,Chanel,Leather,Strong,Strong,Night,Winter,Mid-Range,Night Out,3,3
298,Tom Ford,Leather,Strong,Moderate,Both,All Season,Budget,Night Out,3,2
299,Tom Ford,Leather,Light,Strong,Day,Spring,Mid-Range,Night Out,1,3
300,Chanel,Amber Floral,Medium,Enormous,Day,Summer,Mid-Range,Wedding,2,4
301,Dior,Fresh Scent,Medium,Enormous,Night,Fall,Budget,Casual Daywear,2,4
302,Prada,Aquatic,Medium,Moderate,Day,Summer,Budget,Beach/Vacation,2,2
303,Montblanc,Leather,Very Strong,Intimate,Both,Fall,Luxury,Night Out,4,1
304,Chanel,Oriental Vanilla,Light,Enormous,Day,Summer,Mid-Range,Party/Club,1,4
305,Lattafa,Floral Fruity,Strong,Intimate,Both,Fall,Mid-Range,Date Night,3,1
306,Mancera,Leather,Strong,Moderate,Night,Summer,Mid-Range,Night Out,3,2
307,Ajmal,Woody Spicy,Medium,Strong,Night,Summer,Budget,Formal Event,2,3
308,Tom Ford,Fresh Scent,Medium,Strong,Both,Fall,Mid-Range,Night Out,2,3
309,Armaf,Leather,Very Strong,Moderate,Night,Summer,Luxury,Night Out,4,2
310,Mancera,Leather,Medium,Enormous,Day,Spring,Mid-Range,Night Out,2,4
311,Armaf,Aromatic Fougere,Light,Intimate,Both,Winter,Luxury,Office,1,1
312,Ajmal,Amber Floral,Light,Strong,Night,Winter,Mid-Range,Wedding,1,3
313,Tom Ford,Aquatic,Strong,Enormous,Day,Winter,Mid-Range,Beach/Vacation,3,4
314,Dior,Fresh Scent,Strong,Strong,Night,Fall,Luxury,Casual Daywear,3,3
315,Byredo,Fresh Scent,Strong,Moderate,Night,Summer,Luxury,Casual Daywear,3,2
316,Tom Ford,Floral Fruity,Strong,Intimate,Day,All Season,Luxury,Date Night,3,1
317,Lattafa,Aquatic,Strong,Enormous,Day,Winter,Mid-Range,Beach/Vacation,3,4
318,Prada,Citrus Aromatic,Medium,Intimate,Day,Summer,Luxury,Office,2,1
319,Armaf,Amber Floral,Medium,Strong,Night,Summer,Mid-Range,Wedding,2,3
320,Montblanc,Aquatic,Medium,Strong,Both,Fall,Budget,Beach/Vacation,2,3
